Chunk,UniqueID,customise,Manufacturer,Vehicle Name,Status,Class,Asset,Animation,Vehicle Def,Audio Resource,AI Audio Resource,Security Type,Acceleration,TopSpeed,Handling,Drifting,KERS,DRS,Is Open Top,Has Wipers,Drivetrain_LAMSID,EnginePosition_LAMSID,EngineCapacity_CC,EngineType_LAMSID,HorsePower_BHP,Torque_Nm,Weight_Kg,Camera Sequence,PlayerUnlockLevel,ClubUnlockLevel,AccoladeUnlock,AccoladeLevel,TrophyUnlock,TrophyLAMS,UnlockedByVehicle,UnlockedByVehicleLevel,GameVersions,InstantUnlockInTrial,Royalty Bearing,LimitedTo,IsPreOrder,NonPreOrderVersion,PSNPurchaseEnt,StoreProducts,PRODUCT_NAME_1,NOT REQUIRED,VERSION_EP9000CUSA00003,VERSION_UP9000CUSA00093,VERSION_JP9000CUSA00064,VERSION_HP9000CUSA00066,VERSION_HP9000CUSA00879,Dummy
EVENT_1,44,TRUE,mercedes,a45_amg,In-Game,Sports,mercedes_a45_amg,mercedes_a45_amg,A45_AMG,mercedes_a45_amg,mercedes_a45_amg_ai,leftseatbelt,65,50,55,33,,,,TRUE,All_Wheel_Drive,Engine_Front,2000,Four_Cylinder_Turbo,355,450,1555,,1,,,,,,,,PS+Edition,FALSE,,,,,DCXVEHICLEXX0044,DCXVEHICLEXX0044,Mercedes-Benz A 45 AMG,,1,1,1,1,1,ignored
DLC_1,4020,TRUE,aprilia,apr_rsv4_rf,In-Game,Superbike,aprilia_rsv4_r_abs,aprilia_rsv4_r_abs,BIKE_aprilia_rsv4,aprilia_rsv4,aprilia_rsv4_ai,leftseatbelt,92.8,90,92,0,,,TRUE,FALSE,,,999.6,4_Cylinders,201,115,180,Bike_Select,1,,,,,,,5,Bikes-PS+Edition,FALSE,,,,,DCXVEHICLEXX4020,DCXVEHICLEXX4020,Aprilia RSV4 RF,,1,1,1,1,1,ignored
EVENT_34,3,TRUE,ariel,ari_at,In-Game,Super,ariel_atom_500_v8,ariel_atom_500_v8,Ariel_Atom_500,ariel_atom_v8,ariel_atom_v8_ai,harness,98,62,60,50,,,TRUE,FALSE,Rear_Wheel_Drive,Engine_Rear,2999,V8,500,385,550,,28,,,,,,,,Cars,FALSE,,,,,DCXXXXGMVEHICLES,DCXXXXGMVEHICLES,Ariel Atom 500 V8,,1,1,1,1,1,ignored
EVENT_18,2,TRUE,alfa romeo,ar_4c,In-Game,Performance,alfa_romeo_4c,alfa_romeo_4c,Alfa_4C,alfa_romeo_4c,alfa_romeo_4c_ai,leftseatbelt,62,55,61,55,,,,TRUE,Rear_Wheel_Drive,Engine_Mid,1699,Four_Cylinder_Turbo,237,350,895,,15,,,,,,,,PS+Edition,FALSE,,,,,DCXXXXGMVEHICLES,DCXXXXGMVEHICLES,Alfa Romeo 4C,,1,1,1,1,1,ignored
EVENT_34,4,TRUE,aston martin,as_ma_177,In-Game,Super,aston_martin_one77,aston_martin_one77,Aston_177,aston_martin_one77,aston_martin_one77_ai,rightseatbelt,78,88,75,78,,,,TRUE,Rear_Wheel_Drive,Engine_Front_Mid,7299,V12,750,750,1630,,33,,,,,,,,Cars,FALSE,,,,,DCXXXXGMVEHICLES,DCXXXXGMVEHICLES,Aston Martin One-77,,1,1,1,1,1,ignored
EVENT_31,7,TRUE,aston martin,as_ma_2014,In-Game,Super,aston_martin_vantage_s,aston_martin_vantage_s,Aston_2014,aston_martin_v12_vantage_gaydon,aston_martin_v12_vantage_gaydon_ai,rightseatbelt,61,86,75,67,,,,TRUE,Rear_Wheel_Drive,Engine_Front_Mid,5999,V12,563,620,1665,,20,,,,,,,,Cars,FALSE,,,,,DCXXXXGMVEHICLES,DCXXXXGMVEHICLES,Aston Martin V12 Vantage S,,1,1,1,1,1,ignored
EVENT_24,5,TRUE,aston martin,as_ma_vanq,In-Game,Performance,aston_martin_vanquish,aston_martin_vanquish,Aston_Vanquish,aston_martin_v12_vantage,aston_martin_v12_vantage_ai,rightseatbelt,70,73,58,67,,,,TRUE,Rear_Wheel_Drive,Engine_Front_Mid,5999,V12,565,620,1739,,23,,,,,,,,Cars,FALSE,,,,,DCXXXXGMVEHICLES,DCXXXXGMVEHICLES,Aston Martin Vanquish,,1,1,1,1,1,ignored
EVENT_24,6,TRUE,aston martin,as_za,In-Game,Performance,aston_martin_zagato,aston_martin_zagato,Aston_Zagato,aston_martin_zegato,aston_martin_zegato_ai,rightseatbelt,60,70,67,65,,,,TRUE,Rear_Wheel_Drive,Engine_Front_Mid,5999,V12,510,569,1680,,19,,,,,,,,Cars,FALSE,,,,,DCXXXXGMVEHICLES,DCXXXXGMVEHICLES,Aston Martin V12 Zagato,,1,1,1,1,1,ignored
EVENT_2,8,TRUE,audi,au_a1,In-Game,Hot Hatch,audi_a1_quattro,audi_a1_quattro,Audi_A1,audi_a1_quattro,audi_a1_quattro_ai,leftseatbelt,37,45,55,20,,,,TRUE,All_Wheel_Drive,Engine_Front,2000,Four_Cylinder_Turbo,252,350,1390,,3,,,,,,,,PS+Edition,FALSE,,,,,DCXXXXGMVEHICLES,DCXXXXGMVEHICLES,Audi A1 quattro,,1,1,1,1,1,ignored
EVENT_31,10,TRUE,audi,au_r8,In-Game,Super,audi_r8_V10,audi_r8_V10,Audi_R8,audi_r8,audi_r8_ai,leftseatbelt,68,80,82,70,,,,TRUE,All_Wheel_Drive,Engine_Rear_Mid,5199,V10,542,540,1570,,11,,,,,,,,PS+Edition,FALSE,,,,,DCXXXXGMVEHICLES,DCXXXXGMVEHICLES,Audi R8 V10 Coupé plus,,1,1,1,1,1,ignored
EVENT_1,9,TRUE,audi,au_rs5,In-Game,Sports,audi_rs5,audi_rs5,Audi_RS5,audi_rs5,audi_rs5_ai,leftseatbelt,68,60,55,30,,,,TRUE,All_Wheel_Drive,Engine_Front,4199,V8,444,430,1790,,7,,,,,,,,Cars,FALSE,,,,,DCXXXXGMVEHICLES,DCXXXXGMVEHICLES,Audi RS 5 Coupé,,1,1,1,1,1,ignored
VEH_PERFORMANCE,109,TRUE,audi,au_rs6,In-Game,Performance,audi_rs6_avant,audi_rs6_avant,audi_rs6_avant,audi_rs6,audi_rs6_ai,leftseatbelt,75,60,62,50,,,,TRUE,All_Wheel_Drive,Engine_Front,3999,V8_Twin_Turbo,553,700,1935,,27,,,,,,,,Cars,FALSE,,,,,DCXXXXGMVEHICLES,DCXXXXGMVEHICLES,Audi RS 6 Avant,,1,1,1,1,1,ignored
EVENT_1,11,TRUE,audi,au_ttrs,In-Game,Sports,audi_ttrs_plus,audi_ttrs_plus,Audi_TT_RS,audi_tt_rs,audi_tt_rs_ai,leftseatbelt,60,55,50,50,,,,TRUE,All_Wheel_Drive,Engine_Front,2500,Five_Cylinder_Turbo,355,465,1550,,12,,,,,,,,Cars,FALSE,,,,,DCXXXXGMVEHICLES,DCXXXXGMVEHICLES,Audi TT RS Coupé plus,,1,1,1,1,1,ignored
EVENT_34,14,TRUE,bac,ba_mo,In-Game,Super,bac_mono,bac_mono,BAC_Mono,bac_mono,bac_mono_ai,harness,92,71,85,52,,,TRUE,FALSE,Rear_Wheel_Drive,Engine_Rear,2299,Inline_4,280,277,580,,10,,,,,,,,PS+Edition,FALSE,,,,,DCXXXXGMVEHICLES,DCXXXXGMVEHICLES,BAC Mono,,1,1,1,1,1,ignored
EVENT_24,12,TRUE,bentley,be_gtsp,In-Game,Performance,bentley_gt_speed,bentley_gt_speed,Bentley_GTS,bentley_continental_gt_w12,bentley_continental_gt_w12_ai,rightseatbelt,74,75,65,45,,,,TRUE,All_Wheel_Drive,Engine_Front,5999,V12_Twin_Turbo,617,800,2320,,13,,,,,,,,Cars,FALSE,,,,,DCXXXXGMVEHICLES,DCXXXXGMVEHICLES,Bentley Continental GT Speed,,1,1,1,1,1,ignored
EVENT_1,13,TRUE,bentley,be_gtv8,In-Game,Sports,bentley_gt_v8,bentley_gt_v8,Bentley_GTV8,bentley_continental_gt_v8,bentley_continental_gt_v8_ai,rightseatbelt,58,62,51,35,,,,TRUE,All_Wheel_Drive,Engine_Front,3999,V8_Twin_Turbo,500,660,2340,,3,,,,,,,,PS+Edition,FALSE,,,,,DCXXXXGMVEHICLES,DCXXXXGMVEHICLES,Bentley Continental GT V8,,1,1,1,1,1,ignored
DLC_1,4010,TRUE,bimota,bi_bb3,In-Game,Superbike,bimota_bb3,bimota_bb3,BIKE_bimota_bb3,bmw_s1000rr,bmw_s1000rr_ai,leftseatbelt,96.6,93,96,0,,,TRUE,FALSE,,,999,4_Cylinders,193,112,180,Bike_Select,1,,,,,,yam_yzf_r1,5,Bikes-PS+Edition,FALSE,,,,,DCXXXXGMVEHICLES,DCXXXXGMVEHICLES,Bimota BB3,,1,1,1,1,1,ignored
DLC_1,4001,TRUE,bmw,bmw_s1000_rr_sp,In-Game,Superbike,bmw_s1000rr_sport,bmw_s1000rr_sport,BIKE_bmw_s1000rr,bmw_s1000rr,bmw_s1000rr_ai,leftseatbelt,92.9,90.5,97,0,,,TRUE,FALSE,,,999,In_line_4,190,112,200,Bike_Select,1,,,,,,duc_1098,5,Bikes-PS+Edition,FALSE,,,,,DCXXXXGMVEHICLES,DCXXXXGMVEHICLES,BMW S1000RR Sport,,1,1,1,1,1,ignored
EVENT_1,15,TRUE,bmw,bm_m1,In-Game,Sports,bmw_m135i,bmw_m135i,BMW_M135i,bmw_m235i,bmw_m235i_ai,leftseatbelt,55,52,48,65,,,,TRUE,Rear_Wheel_Drive,Engine_Front,2999,Six_Cylinder_Turbo,316,450,1440,,18,,,,,,,,Cars,FALSE,,,,,DCXXXXGMVEHICLES,DCXXXXGMVEHICLES,BMW M135i (F20),,1,1,1,1,1,ignored
EVENT_1,16,TRUE,bmw,bm_m2,In-Game,Sports,bmw_dc,bmw_dc,bmw_m235i,bmw_m235i,bmw_m235i_ai,leftseatbelt,54,55,47,62,,,,TRUE,Rear_Wheel_Drive,Engine_Front,2999,Six_Cylinder_Turbo,322,450,1455,,4,,,,,,,,Cars,FALSE,,,,,DCXXXXGMVEHICLES,DCXXXXGMVEHICLES,BMW M235i (F22),,1,1,1,1,1,ignored
EVENT_24,17,TRUE,bmw,bm_m3_gt,In-Game,Performance,bmw_m3_gts,bmw_m3_gts,BMW_M3_GTS,bmw_m3_gts,bmw_m3_gts_ai,harness,65,62,63,70,,,,TRUE,Rear_Wheel_Drive,Engine_Front,4399,V8,444,440,1530,,6,,,,,,,,PS+Edition,FALSE,,,,,DCXXXXGMVEHICLES,DCXXXXGMVEHICLES,BMW M3 GTS (E92),,1,1,1,1,1,ignored
EVENT_24,19,TRUE,bmw,bm_m4,In-Game,Performance,bmw_dc2,bmw_dc2,bmw_m4,bmw_m4,bmw_m4_ai,leftseatbelt,70,58,60,70,,,,TRUE,Rear_Wheel_Drive,Engine_Front,2999,Six_Cylinder_Twin_Turbo,425,550,1497,,1,,,,,,,,Cars,FALSE,,,,,DCXVEHICLEXX0019,DCXTOURXXXXXX001-DCXVEHICLEXX0019,BMW M4 (F82),,1,1,1,1,1,ignored
EVENT_24,20,TRUE,bmw,bm_m5,In-Game,Performance,bmw_m5,bmw_m5,bmw_m5,bmw_m3,bmw_m3_ai,leftseatbelt,67,70,61,70,,,,TRUE,Rear_Wheel_Drive,Engine_Front,4399,V8_Twin_Turbo,552,680,1870,,21,,,,,,,,Cars,FALSE,,,,,DCXXXXGMVEHICLES,DCXXXXGMVEHICLES,BMW M5 (F10),,1,1,1,1,1,ignored
EVENT_24,153,TRUE,bmw,bm_m5_fa,In-Game,Performance,bmw_m5_facelift,bmw_m5_facelift,bmw_m5_2013,bmw_m5,bmw_m5_ai,leftseatbelt,69,72,65,70,,,,TRUE,Rear_Wheel_Drive,Engine_Front,4399,V8_Twin_Turbo,567,680,1870,,1,,,,,,,,Cars,FALSE,,,,,DCXVEHICLEXX0153,DCXVEHICLEXX0153,BMW M5 Competition Package (F10),,1,1,1,1,1,ignored
DLC_1,21,TRUE,caterham,cat_r500,In-Game,Performance,caterham_r500,caterham_r500,Caterham_R500,caterham_r500_superlight,caterham_r500_superlight_ai,harness,82,58,55,82,,,TRUE,FALSE,Rear_Wheel_Drive,Engine_Front,2000,Inline_4,259,240,506,,1,,,,,,,,PS+Edition,FALSE,,,,,DCXVEHICLEXX0021,DCXTOURXXXXXX005-DCXVEHICLEXX0021,Caterham R500 Superlight,,1,1,1,1,1,ignored
EVENT_34,22,TRUE,caterham,cat_sp300,In-Game,Super,caterham_sp300r,caterham_sp300r,Caterham_SP300R,caterham_sp300r,caterham_sp300r_ai,harness,85,76,83,40,,,TRUE,FALSE,Rear_Wheel_Drive,Engine_Rear_Mid,2000,Four_Cylinder_Supercharged,300,289,545,,1,,,,,,,,Cars,FALSE,,,,,DCXVEHICLEXX0022,DCXTOURXXXXXX001-DCXVEHICLEXX0022,Caterham SP/300.R,,1,1,1,1,1,ignored
DLC_1,90,TRUE,chevrolet,che_ca,In-Game,Performance,chevrolet_camaro_zl1,chevrolet_camaro_zl1,Chevrolet_Camero,Camaro_ZL1,Camaro_ZL1_ai,leftseatbelt,64,68,55,75,,,,TRUE,Rear_Wheel_Drive,Engine_Front,6199,V8_Supercharged,580,751,1838,,1,,,,,,,,PS+Edition,FALSE,TRUE,,,,DCXVEHICLEXX0090,DCXTOURXXXXXX011-DCXVEHICLEXX0090,Chevrolet Camaro ZL1,,1,1,1,1,1,ignored
DLC_1,764,TRUE,chevrolet,che_co_c7_z06,In-Game,Super,chevrolet_corvette_c7_z06,chevrolet_corvette_c7_z06,chevrolet_corvette_c7_z06,corvette_Z06,corvette_Z06_ai,leftseatbelt,65,80,72,85,,,,TRUE,Rear_Wheel_Drive,Engine_Front,6199,V8_Supercharged,650,881,1582,,1,,,,,,,,PS+Edition,FALSE,TRUE,,,,DCXVEHICLEXX0764,DCXTOURXXXXXX015-DCXVEHICLEXX0764,Chevrolet Corvette Z06 (C7),,1,1,1,1,1,ignored
DLC_1,88,TRUE,chevrolet,che_co_st,In-Game,Performance,chevrolet_corvette_c7_stingray,chevrolet_corvette_c7_stingray,Chevrolet_Corvette_Stingray,corvette_c7_stingray,corvette_c7_stingray_ai,leftseatbelt,74,70,55,80,,,,TRUE,Rear_Wheel_Drive,Engine_Front,6199,V8,455,609,1539,,1,,,,,,,,PS+Edition,FALSE,TRUE,,,,DCXVEHICLEXX0088,DCXTOURXXXXXX003-DCXVEHICLEXX0088,Chevrolet Corvette Stingray (C7),,1,1,1,1,1,ignored
DLC_1,89,TRUE,chevrolet,che_co_z0,In-Game,Performance,chevrolet_corvette_z06,chevrolet_corvette_z06,Chevrolet_Corvette_Z06,corvette_Z06,corvette_Z06_ai,leftseatbelt,74,72,58,78,,,,TRUE,Rear_Wheel_Drive,Engine_Front,6999,V8,505,637,1418,,1,,,,,,,,PS+Edition,FALSE,TRUE,,,,DCXVEHICLEXX0089,DCXTOURXXXXXX007-DCXVEHICLEXX0089,Chevrolet Corvette Z06 Centennial Edition,,1,1,1,1,1,ignored
DLC_1,760,TRUE,chevrolet,che_co_zr1,In-Game,Super,chevrolet_corvette_zr1,chevrolet_corvette_zr1,chevrolet_corvette_zr1,Camaro_ZL1,Camaro_ZL1_ai,leftseatbelt,76,85,70,83,,,,TRUE,Rear_Wheel_Drive,Engine_Front,6199,V8_Supercharged,638,819,1518,,1,,,,,,,,PS+Edition,FALSE,TRUE,,,,DCXVEHICLEXX0760,DCXTOURXXXXXX005-DCXVEHICLEXX0760,Chevrolet Corvette ZR1 Centennial Edition,,1,1,1,1,1,ignored
DLC_1,769,TRUE,ds,cit_surv,In-Game,Performance,citroen_survolt,citroen_survolt,Citroen_Survolt,citroen_survolt,citroen_survolt_ai,harness,57,63,60,78,,,,FALSE,Rear_Wheel_Drive,Engine_Front_Rear,,Electric_Motor,300,480,1150,,1,,,,,,,,Cars,FALSE,,,,,DCXVEHICLEXX0769,DCXVEHICLEXX0769,Citroën Survolt,,1,1,1,1,1,ignored
EVENT_1,46,TRUE,mercedes,cla_45,In-Game,Sports,Mercedes_CLA45_AMG,Mercedes_CLA45_AMG,CLA_45_AMG,mercedes_a45_amg,mercedes_a45_amg_ai,leftseatbelt,62,50,52,36,,,,TRUE,All_Wheel_Drive,Engine_Front,2000,Four_Cylinder_Turbo,355,450,1585,,9,,,,,,,,Cars,FALSE,,,,,DCXXXXGMVEHICLES,DCXXXXGMVEHICLES,Mercedes-Benz CLA 45 AMG,,1,1,1,1,1,ignored
DLC_1,86,TRUE,dodge,do_chal,In-Game,Performance,dodge_challenger_srt8_392,dodge_challenger_srt8_392,Dodge_Challenger,dodge_charger,dodge_charger_ai,leftseatbelt,58,58,60,70,,,,TRUE,Rear_Wheel_Drive,Engine_Front,6399,V8,471,637,1887,,1,,,,,,,,PS+Edition,FALSE,TRUE,,,,DCXVEHICLEXX0086,DCXTOURXXXXXX015-DCXVEHICLEXX0086,Dodge Challenger SRT8 392,,1,1,1,1,1,ignored
DLC_1,85,TRUE,dodge,do_char,In-Game,Performance,dodge_charger_srt8,dodge_charger_srt8,Dodge_Charger,dodge_charger,dodge_charger_ai,leftseatbelt,60,59,58,75,,,,TRUE,Rear_Wheel_Drive,Engine_Front,6399,V8,469,637,1955,,1,,,,,,,,PS+Edition,FALSE,TRUE,,,,DCXVEHICLEXX0085,DCXTOURXXXXXX011-DCXVEHICLEXX0085,Dodge Charger SRT8,,1,1,1,1,1,ignored
DLC_1,87,TRUE,dodge,do_vi,In-Game,Super,dodge_srt_viper_gts,dodge_srt_viper_gts,Dodge_Viper_GTS,dodge_viper,dodge_viper_ai,leftseatbelt,72,83,65,80,,,,TRUE,Rear_Wheel_Drive,Engine_Front,8399,V10,641,820,1497,,1,,,,,,,,PS+Edition,FALSE,TRUE,,,,DCXVEHICLEXX0087,DCXTOURXXXXXX007-DCXVEHICLEXX0087,SRT Viper GTS,,1,1,1,1,1,ignored
DLC_1,4008,TRUE,ducati,duc_1098,In-Game,Superbike,ducati_1098,ducati_1098,BIKE_ducati_1098,ducati_1098,ducati_1098_ai,leftseatbelt,83.6,85,92,0,,,TRUE,FALSE,,,1198,L_Twin,180,134,180,Bike_Select,1,,,,,,kaw_zx10_r,5,Bikes-PS+Edition,FALSE,,,,,DCXXXXGMVEHICLES,DCXXXXGMVEHICLES,Ducati 1098 R,,1,1,1,1,1,ignored
DLC_1,4012,TRUE,ducati,duc_1299_pan_s,In-Game,Superbike,ducati_1299_panigale_s,ducati_1299_panigale_s,BIKE_ducati_1299_panigale_s,ducati_1299_panigale,ducati_1299_panigale_ai,leftseatbelt,91.4,87,87,0,,,TRUE,FALSE,,,1289,L_Twin,202,145,194,Bike_Select,1,,,,,,mv_agusta_f4_rr,5,Bikes-PS+Edition,FALSE,,,,,DCXXXXGMVEHICLES,DCXXXXGMVEHICLES,Ducati 1299 Panigale S,,1,1,1,1,1,ignored
DLC_1,4007,TRUE,ducati,duc_desmo_rr,In-Game,Superbike,ducati_desmosedici,ducati_desmosedici,BIKE_ducati_desmosedici,ducati_desmosedici,ducati_desmosedici_ai,leftseatbelt,85.7,95,98,0,,,TRUE,FALSE,,,989,L_4,197,116,182,Bike_Select,1,,,,,,yam_yzf_r1m,5,Bikes-PS+Edition,FALSE,,,,,DCXXXXGMVEHICLES,DCXXXXGMVEHICLES,Ducati Desmosedici RR,,1,1,1,1,1,ignored
DLC_1,4003,TRUE,ebr motorcycles,ebr_1190_rx,In-Game,Superbike,erik_buell_racing_1190rx,erik_buell_racing_1190rx,BIKE_erik_buell_1190rx,ebr_9100_rx,ebr_9100_rx_ai,leftseatbelt,97,88,98,0,,,TRUE,FALSE,,,1190,V_Twin,185,138,190,Bike_Select,1,,,,,,,,Bikes-PS+Edition,FALSE,,,,,DCXVEHICLEXX4003,DCXTOURXXXXXX019-DCXVEHICLEXX4003,Erik Buell 1190RX,,1,1,1,1,1,ignored
DLC_1,4004,TRUE,ebr motorcycles,ebr_1190_sx,In-Game,Superbike,erik_buell_racing_1190sx,erik_buell_racing_1190sx,BIKE_erik_buell_1190sx,ebr_9100_rx,ebr_9100_rx_ai,leftseatbelt,93,89,95,0,,,TRUE,FALSE,,,1190,V_Twin,185,138,188,Bike_Select,1,,,,,,,,Bikes-PS+Edition,FALSE,,,,,DCXVEHICLEXX4004,DCXTOURXXXXXX019-DCXVEHICLEXX4004,Erik Buell 1190SX,,1,1,1,1,1,ignored
EVENT_31,82,TRUE,ferrari,fe_430,In-Game,Super,Ferrari_430_Scuderia,Ferrari_430_Scuderia,Ferrari_430_Scuderia,ferrari_430,ferrari_430_ai,harness,75,84,75,78,,,,TRUE,Rear_Wheel_Drive,Engine_Rear_Mid,4299,V8,503,470,1350,,17,,,,,,,,Cars,FALSE,,,,,DCXXXXGMVEHICLES,DCXXXXGMVEHICLES,Ferrari 430 Scuderia,,1,1,1,1,1,ignored
EVENT_34,23,TRUE,ferrari,fe_458,In-Game,Super,ferrari_458_italia,ferrari_458_italia,Ferrari_458,ferrari_458,ferrari_458_ai,harness,78,84,82,73,,,,TRUE,Rear_Wheel_Drive,Engine_Rear_Mid,4499,V8,562,540,1485,,24,,,,,,,,Cars,FALSE,,,,,DCXXXXGMVEHICLES,DCXXXXGMVEHICLES,Ferrari 458 Italia,,1,1,1,1,1,ignored
DLC_1,748,TRUE,ferrari,fe_458_spe,In-Game,Super,ferrari_458_speciale,ferrari_458_speciale,Ferrari_458_Speciale,ferrari_458,ferrari_458_ai,harness,85,85,85,70,,,,TRUE,Rear_Wheel_Drive,Engine_Rear_Mid,4499,V8,597,540,1395,,1,,,,,,,,PS+Edition,FALSE,,,,,DCXVEHICLEXX0748,DCXTOURXXXXXX003-DCXVEHICLEXX0748,Ferrari 458 Speciale,,1,1,1,1,1,ignored
DLC_1,789,TRUE,ferrari,fe_488_gtb,In-Game,Super,ferrari_488_gtb,ferrari_488_gtb,Ferrari_488_GTB,ferrari_488gtb,ferrari_488gtb_ai,leftseatbelt,88,86,84,75,,,,TRUE,Rear_Wheel_Drive,Engine_Rear_Mid,3899,V8_Twin_Turbo,661,760,1525,,1,,,,,,,,PS+Edition,FALSE,,,,,DCXVEHICLEXX0789,DCXVEHICLEXX0789,Ferrari 488 GTB,,1,1,1,1,1,ignored
VEH_HYPER,24,TRUE,ferrari,fe_599,In-Game,Hyper,ferrari_599xx_evolution,ferrari_599xx_evolution,Ferrari_599XX,ferrari_599xx_placeholder,ferrari_599xx_placeholder_ai,harness,84,85,96,60,,,,TRUE,Rear_Wheel_Drive,Engine_Front,5999,V12,720,686,1519,,50,,,,,,,,Cars,FALSE,,,,,DCXVEHICLEXX0024,DCXVEHICLEXX0024,Ferrari 599XX EVO,,1,1,1,1,1,ignored
EVENT_34,83,TRUE,ferrari,fe_599_gto,In-Game,Super,ferrari_599_gto,ferrari_599_gto,Ferrari_599_GTO,ferrari_ff,ferrari_ff_ai,leftseatbelt,71,87,70,70,,,,TRUE,Rear_Wheel_Drive,Engine_Front,5999,V12,661,620,1495,,36,,,,,,,,Cars,FALSE,,,,,DCXXXXGMVEHICLES,DCXXXXGMVEHICLES,Ferrari 599 GTO,,1,1,1,1,1,ignored
EVENT_25,25,TRUE,ferrari,fe_ca,In-Game,Performance,ferrari_california,ferrari_california,Ferrari_California,ferrari_458,ferrari_458_ai,leftseatbelt,75,65,65,55,,,,TRUE,Rear_Wheel_Drive,Engine_Front_Mid,4299,V8,483,505,1787,,16,,,,,,,,Cars,FALSE,,,,,DCXXXXGMVEHICLES,DCXXXXGMVEHICLES,Ferrari California 30,,1,1,1,1,1,ignored
DLC_1,749,TRUE,ferrari,fe_enz,In-Game,Hyper,ferrari_enzo,ferrari_enzo,ferrari_enzo,ferrari_enzo,ferrari_enzo_ai,leftseatbelt,84,86,95,80,,,,TRUE,Rear_Wheel_Drive,Engine_Rear_Mid,5999,V12,651,657,1356,,1,,,,,,,,PS+Edition,FALSE,,,,,DCXVEHICLEXX0749,DCXTOURXXXXXX005-DCXVEHICLEXX0749,Enzo Ferrari,,1,1,1,1,1,ignored
EVENT_34,26,TRUE,ferrari,fe_f12,In-Game,Super,ferrari_f12_berlinetta,ferrari_f12_berlinetta,Ferrari_F12,ferrari_f12_berlinetta,ferrari_f12_berlinetta_ai,harness,80,92,78,85,,,,TRUE,Rear_Wheel_Drive,Engine_Front_Mid,6299,V12,730,690,1525,,39,,,,,,,,Cars,FALSE,,,,,DCXXXXGMVEHICLES,DCXXXXGMVEHICLES,Ferrari F12berlinetta,,1,1,1,1,1,ignored
DLC_1,750,TRUE,ferrari,fe_f40,In-Game,Super,ferrari_f40,ferrari_f40,ferrari_f40,Ferrari_F40,Ferrari_F40,harness,75,83,81,85,,,,TRUE,Rear_Wheel_Drive,Engine_Mid,2899,V8_Twin_Turbo,472,577,1250,,1,,,,,,,,PS+Edition,FALSE,,,,,DCXVEHICLEXX0750,DCXTOURXXXXXX011-DCXVEHICLEXX0750,Ferrari F40,,1,1,1,1,1,ignored
DLC_1,751,TRUE,ferrari,fe_f50,In-Game,Super,ferrari_f50,ferrari_f50,ferrari_f50,ferrari_F50,ferrari_F50_ai,harness,73,82,80,65,,,,TRUE,Rear_Wheel_Drive,Engine_Rear_Mid,4699,V12,512,470,1230,,1,,,,,,,,PS+Edition,FALSE,,,,,DCXVEHICLEXX0751,DCXTOURXXXXXX007-DCXVEHICLEXX0751,Ferrari F50,,1,1,1,1,1,ignored
EVENT_18,27,TRUE,ferrari,fe_ff,In-Game,Performance,ferrari_ff,ferrari_ff,Ferrari_FF,ferrari_ff,ferrari_ff_ai,leftseatbelt,77,75,63,50,,,,TRUE,Four_Wheel_Drive,Engine_Front_Mid,6299,V12,650,683,1880,,30,,,,,,,,Cars,FALSE,,,,,DCXXXXGMVEHICLES,DCXXXXGMVEHICLES,Ferrari FF,,1,1,1,1,1,ignored
DLC_1,752,TRUE,ferrari,fe_fxx_ev,In-Game,Hyper,ferrari_fxx_evoluzione,ferrari_fxx_evoluzione,ferrari_fxx_evoluzione,ferrari_fxx,ferrari_fxx_ai,harness,95,87,96,45,,,,TRUE,Rear_Wheel_Drive,Engine_Rear_Mid,6299,V12,850,690,1155,,1,,,,,,,,PS+Edition,FALSE,,,,,DCXVEHICLEXX0752,DCXTOURXXXXXX017-DCXVEHICLEXX0752,Ferrari FXX Evoluzione,,1,1,1,1,1,ignored
DLC_1,766,TRUE,ferrari,fe_laf,In-Game,Hyper,ferrari_laferrari,ferrari_laferrari,ferrari_laferrari,ferrari_la_ferrari,ferrari_la_ferrari_ai,harness,95,91,97,45,,,,TRUE,Rear_Wheel_Drive,Engine_Rear_Mid,6299,V12,950,900,1350,,1,,Ferrari Owners Club,6,,,,,Cars,TRUE,,,,,DCXVEHICLEXX0766,DCXVEHICLEXX0766,Ferrari LaFerrari,,1,1,1,1,1,ignored
DLC_1,785,TRUE,ferrari,fe_laf_fxxk,In-Game,Hyper,ferrari_laferrari_fxxk,ferrari_laferrari_fxxk,ferrari_laferrari_fxxk,ferrari_la_ferrari_fxxk,ferrari_la_ferrari_fxxk_ai,harness,97,94,97,40,,,,TRUE,Rear_Wheel_Drive,Engine_Rear_Mid,6299,V12,1036,900,1165,,1,,,,,,,,PS+Edition,FALSE,,,,,DCXVEHICLEXX0785,DCXTOURXXXXXX017-DCXVEHICLEXX0785,Ferrari FXXK,,1,1,1,1,1,ignored
VEH_SUPER,30,TRUE,gta,gta_spa,In-Game,Super,gta_spano,gta_spano,GTA_Spano,gta_spano,gta_spano_ai,leftseatbelt,85,90,67,70,,,,TRUE,Rear_Wheel_Drive,Engine_Rear,8299,V10_Supercharged,888,1000,1350,,37,,,,,,,,Cars,FALSE,,,,,DCXXXXGMVEHICLES,DCXXXXGMVEHICLES,Spania GTA GTA Spano,,1,1,1,1,1,ignored
EVENT_37,31,TRUE,gumpert,gu_ap,In-Game,Hyper,gumpert_apollo_enraged,gumpert_apollo_enraged,Gumpert_Apollo,de_tomaso_pantera,de_tomaso_pantera_ai,harness,97,85,87,93,,,,TRUE,Rear_Wheel_Drive,Engine_Rear,4199,V8_Twin_Turbo,769,920,1175,,40,,,,,,,,Cars,FALSE,,,,,DCXXXXGMVEHICLES,DCXXXXGMVEHICLES,Gumpert apollo enraged,,1,1,1,1,1,ignored
EVENT_43,32,TRUE,hennessey,he_ve_gt,In-Game,Hyper,hennessey_venom_gt,hennessey_venom_gt,Hennessey_Venom_GT,hennessy_venom_gt_ex_c63,hennessy_venom_gt_ex_c63_ai,leftseatbelt,95,98,78,90,,,,TRUE,Rear_Wheel_Drive,Engine_Rear_Mid,6999,V8_Twin_Turbo,1200,1539,1220,,25,,,,,,,,Cars,FALSE,,,,,DCXXXXGMVEHICLES,DCXXXXGMVEHICLES,Hennessey Venom GT,,1,1,1,1,1,ignored
DLC_1,4011,TRUE,honda,hon_cbr1000_rr_sp,In-Game,Superbike,honda_cbr1000_rr_fireblade_sp,honda_cbr1000_rr_fireblade_sp,BIKE_honda_cbr1000rr_fireblade,honda_fireblade,honda_fireblade_ai,leftseatbelt,93.6,89,90,0,,,TRUE,FALSE,,,998,In_line_4,178,114,213,Bike_Select,1,,,,,,bi_bb3,5,Bikes-PS+Edition,FALSE,,,,,DCXXXXGMVEHICLES,DCXXXXGMVEHICLES,Honda CBR1000RR Fireblade SP,,1,1,1,1,1,ignored
DLC_1,794,TRUE,honda,hon_civ,In-Game,Hot Hatch,honda_civic_type_r_2015,honda_civic_type_r_2015,honda_civic_type_r,honda_civic_type_r,honda_civic_type_r_ai,rightseatbelt,48,52,45,11,,,,TRUE,Front_Wheel_Drive,Engine_Front,2000,Four_Cylinder_Turbo,306,400,1453,,1,,,,,,,,PS+Edition,FALSE,TRUE,,,,DCXVEHICLEXX0794,DCXTOURXXXXXX022-DCXVEHICLEXX0794,Honda Civic Type R (FK2),,1,1,1,1,1,ignored
DLC_1,754,TRUE,icona,ico_vul,In-Game,Super,icona_vulcano,icona_vulcano,icona_vulcano,Lambo_Aventador,Lambo_Aventador_ai,harness,82,87,70,85,,,,TRUE,Rear_Wheel_Drive,Engine_Front,5999,V12,950,650,1595,,1,,,,,,,,Cars,FALSE,,,,,DCXVEHICLEXX0754,DCXVEHICLEXX0754,Icona Vulcano,,1,1,1,1,1,ignored
DLC_1,765,TRUE,jaguar,jag_cx75,In-Game,Hyper,jaguar_c-x75,jaguar_c-x75,jaguar_cx75,jaguar_cx75,jaguar_cx75_ai,leftseatbelt,96,92,93,50,TRUE,,,TRUE,Four_Wheel_Drive,Engine_Mid,1600,Four_Cylinder_TwinCharged_Hybrid,850,1000,1700,,1,,,,,,,,PS+Edition,FALSE,TRUE,,,,DCXVEHICLEXX0765,DCXTOURXXXXXX005-DCXVEHICLEXX0765,Jaguar C-X75 Prototype Edition,,1,1,1,1,1,ignored
DLC_1,767,TRUE,jaguar,jag_f_type_r,In-Game,Performance,jaguar_f-type_r_coupe,jaguar_f-type_r_coupe,jaguar_f_type_r_coupe,jaguar_ftype_r,jaguar_ftype_r_ai,rightseatbelt,73,67,60,68,,,,TRUE,Rear_Wheel_Drive,Engine_Front,4999,V8_Supercharged,542,680,1665,,1,,,,,,,,PS+Edition,FALSE,TRUE,,,,DCXVEHICLEXX0767,DCXTOURXXXXXX007-DCXVEHICLEXX0767,Jaguar F-Type R Coupe,,1,1,1,1,1,ignored
DLC_1,795,TRUE,jaguar,jag_xj220,In-Game,Super,jaguar_xj220,jaguar_xj220,jaguar_xj220,jaguar_xj220,jaguar_xj220_ai,rightseatbelt,78,87,85,70,,,,TRUE,Rear_Wheel_Drive,Engine_Front_Mid,3498,V6_Twin_Turbo,542,640,1560,,1,,,,,,,,PS+Edition,FALSE,TRUE,,,,DCXVEHICLEXX0795,DCXTOURXXXXXX024-DCXVEHICLEXX0795,Jaguar XJ220,,1,1,1,1,1,ignored
DLC_1,770,TRUE,jaguar,jag_xkrs,In-Game,Performance,jaguar_xkrs_coupe,jaguar_xkrs_coupe,jaguar_xkrs_coupe,jaguar_xkrs,jaguar_xkrs_ai,rightseatbelt,65,67,62,80,,,,TRUE,Rear_Wheel_Drive,Engine_Front,4999,V8_Supercharged,543,680,1800,,1,,,,,,,,PS+Edition,FALSE,TRUE,,,,DCXVEHICLEXX0770,DCXTOURXXXXXX011-DCXVEHICLEXX0770,Jaguar XKR-S Coupe,,1,1,1,1,1,ignored
DLC_1,4006,TRUE,kawasaki,kaw_h2,In-Game,Superbike,kawasaki_h2,kawasaki_h2,BIKE_kawasaki_h2,kawasaki_h2,kawasaki_h2_ai,leftseatbelt,96.3,88,85,0,,,TRUE,FALSE,,,998,In_line_4,200,134,238,Bike_Select,1,,,,,,duc_1299_pan_s,5,Bikes-PS+Edition,FALSE,,,,,DCXXXXGMVEHICLES,DCXXXXGMVEHICLES,Kawasaki Ninja H2,,1,1,1,1,1,ignored
DLC_1,4005,TRUE,kawasaki,kaw_zx10_r,In-Game,Superbike,kawasaki_ninja_zx10r,kawasaki_ninja_zx10r,BIKE_kawasaki_ninja_zx10r,kawasaki_zx10r,kawasaki_zx10r_ai,leftseatbelt,91.6,88,94,0,,,TRUE,FALSE,,,998,In_line_4,197,114,201,Bike_Select,1,,,,,,ktm_rc8_r,5,Bikes-PS+Edition,FALSE,,,,,DCXXXXGMVEHICLES,DCXXXXGMVEHICLES,Kawasaki Ninja ZX-10 R,,1,1,1,1,1,ignored
EVENT_43,34,TRUE,koenigsegg,ko_ag,In-Game,Hyper,koenigsegg_agera_r,koenigsegg_agera_r,Koenigsegg_Agera,koenigsegg_agera_r,koenigsegg_agera_r_ai,harness,92,95,90,70,,,,TRUE,Rear_Wheel_Drive,Engine_Rear_Mid,4999,V8_Twin_Turbo,1140,1200,1435,,30,,,,,,,,PS+Edition,FALSE,,,,,DCXXXXGMVEHICLES,DCXXXXGMVEHICLES,Koenigsegg Agera R,,1,1,1,1,1,ignored
DLC_1,152,TRUE,koenigsegg,ko_one_1,In-Game,Hyper,koenigsegg_one_1,koenigsegg_one_1,koenigsegg_one1,koenigsegg_ccr,koenigsegg_ccr_ai,harness,96,99,95,70,,,,TRUE,Rear_Wheel_Drive,Engine_Rear_Mid,4999,V8_Twin_Turbo,1340,1371,1340,,1,,,,,,,,PS+Edition,FALSE,,,,,DCXVEHICLEXX0152,DCXTOURXXXXXX007-DCXVEHICLEXX0152,Koenigsegg One:1,,1,1,1,1,1,ignored
DLC_1,796,TRUE,koenigsegg,ko_reg,In-Game,Hyper,koenigsegg_regera,koenigsegg_regera,koenigsegg_regera,koenigsegg_regera,koenigsegg_regera_ai,harness,96,98,93,80,,,,TRUE,Rear_Wheel_Drive,Engine_Rear_Mid,4999,V8_Twin_Turbo,1479,2000,1628,,1,,,,,,,,PS+Edition,FALSE,,,,,DCXVEHICLEXX0796,DCXTOURXXXXXX024-DCXVEHICLEXX0796,Koenigsegg Regera,,1,1,1,1,1,ignored
DLC_1,4009,TRUE,ktm,ktm_1290_sd,In-Game,Superbike,ktm_1290_super_duke_r,ktm_1290_super_duke_r,BIKE_ktm_1290_super_duke,ktm_rc8r,ktm_rc8r_ai,leftseatbelt,96,78,85,,,,TRUE,FALSE,,,1290,V_Twin,176,142,210,Bike_Select,1,,KTM Owners Club,11,,,,,Bikes-PS+Edition,FALSE,,,,,DCXVEHICLEXX4009,DCXVEHICLEXX4009,KTM 1290 Super Duke R,,1,1,1,1,1,ignored
DLC_1,4002,TRUE,ktm,ktm_rc8_r,In-Game,Superbike,ktm_rc8_r,ktm_rc8_r,BIKE_ktm_rc8_r,ktm_rc8r,ktm_rc8r_ai,leftseatbelt,89.6,80,95,0,,,TRUE,FALSE,,,1195,V_2,175,127,184,Bike_Select,1,,,,,,,,Bikes-PS+Edition,FALSE,,,,,DCXXXXGMVEHICLES,DCXXXXGMVEHICLES,KTM RC8 R,,1,1,1,1,1,ignored
EVENT_34,746,TRUE,ktm,ktm_xbow_r,In-Game,Super,ktm_xbow_r,ktm_xbow_r,ktm_xbow_r,ktm_x_bow,ktm_x_bow_ai,harness,80,70,77,60,,,TRUE,FALSE,Rear_Wheel_Drive,Engine_Rear_Mid,2000,Four_Cylinder_Turbo,300,400,790,,1,,,,,,,,Cars,FALSE,,,,,DCXVEHICLEXX0746,DCXTOURXXXXXX001-DCXVEHICLEXX0746,KTM X-BOW R,,1,1,1,1,1,ignored
DLC_1,775,TRUE,lamborghini,lam_av50,In-Game,Super,lamborghini_aventador_50_anniversario,lamborghini_aventador_50_anniversario,lamborghini_aventador_50,lambo_aventador_01,lambo_aventador_ai,leftseatbelt,91,86,84,58,,,,TRUE,All_Wheel_Drive,Engine_Rear_Mid,6499,V12,710,690,1575,,1,,,,,,,,PS+Edition,FALSE,TRUE,,,,DCXVEHICLEXX0775,DCXTOURXXXXXX009-DCXVEHICLEXX0775,Lamborghini Aventador LP 720-4 50° Anniversario,,1,1,1,1,1,ignored
DLC_1,774,TRUE,lamborghini,lam_dia,In-Game,Super,lamborghini_diablo_sv,lamborghini_diablo_sv,lamborghini_diablo_sv,lambo_diablo,lambo_diablo_ai,rightseatbelt,65,83,78,80,,,,TRUE,Rear_Wheel_Drive,Engine_Rear_Mid,5699,V12,512,580,1590,,1,,,,,,,,PS+Edition,FALSE,TRUE,,,,DCXVEHICLEXX0774,DCXTOURXXXXXX013-DCXVEHICLEXX0774,Lamborghini Diablo Super Veloce,,1,1,1,1,1,ignored
DLC_1,779,TRUE,lamborghini,lam_gal,In-Game,Super,lamborghini_gallardo_squadra_corse,lamborghini_gallardo_squadra_corse,lamborghini_gallardo_sc,Lambo_Gallardo,Lambo_Gallardo_ai,leftseatbelt,89,84,80,81,,,,TRUE,All_Wheel_Drive,Engine_Rear_Mid,5199,V10,562,540,1430,,1,,,,,,,,PS+Edition,FALSE,TRUE,,,,DCXVEHICLEXX0779,DCXTOURXXXXXX009-DCXVEHICLEXX0779,Lamborghini Gallardo LP 570-4 Squadra Corse,,1,1,1,1,1,ignored
DLC_1,776,TRUE,lamborghini,lam_hur,In-Game,Super,lamborghini_huracan,lamborghini_huracan,lamborghini_huracan,lambo_huracan,lambo_huracan_ai,leftseatbelt,90,85,87,60,,,,TRUE,All_Wheel_Drive,Engine_Rear_Mid,5199,V10,602,560,1422,,1,,,,,,,,PS+Edition,FALSE,TRUE,,,,DCXVEHICLEXX0776,DCXTOURXXXXXX009-DCXVEHICLEXX0776,Lamborghini Huracan LP 610-4,,1,1,1,1,1,ignored
DLC_1,780,TRUE,lamborghini,lam_mur,In-Game,Super,lamborghini_murcielago_sv,lamborghini_murcielago_sv,lamborghini_murcielago_sv,lambo_murcielago,lambo_murcielago_ai,harness,84,87,85,55,,,,TRUE,Four_Wheel_Drive,Engine_Rear_Mid,6499,V12,661,660,1665,,1,,,,,,,,PS+Edition,FALSE,TRUE,,,,DCXVEHICLEXX0780,DCXTOURXXXXXX013-DCXVEHICLEXX0780,Lamborghini Murciélago SV,,1,1,1,1,1,ignored
DLC_1,777,TRUE,lamborghini,lam_rev,In-Game,Super,lamborghini_reventon,lamborghini_reventon,lamborghini_reventon,lambo_murcielago,lambo_murcielago_ai,rightseatbelt,84,86,88,40,,,,TRUE,All_Wheel_Drive,Engine_Rear_Mid,6499,V12,641,660,1665,,1,,,,,,,,PS+Edition,FALSE,TRUE,,,,DCXVEHICLEXX0777,DCXTOURXXXXXX013-DCXVEHICLEXX0777,Lamborghini Reventón,,1,1,1,1,1,ignored
DLC_1,778,TRUE,lamborghini,lam_ses,In-Game,Hyper,lamborghini_sesto_elemento,lamborghini_sesto_elemento,lamborghini_sesto_elemento,lambo_sesto,lambo_sesto_ai,harness,97,86,91,65,,,,TRUE,All_Wheel_Drive,Engine_Mid,5199,V10,562,540,999,,1,,,,,,,,PS+Edition,FALSE,TRUE,,,,DCXVEHICLEXX0778,DCXTOURXXXXXX013-DCXVEHICLEXX0778,Lamborghini Sesto Elemento,,1,1,1,1,1,ignored
DLC_1,773,TRUE,lamborghini,lam_ven,In-Game,Hyper,lamborghini_veneno,lamborghini_veneno,lamborghini_veneno,Lambo_Veneno,Lambo_Veneno_ai,harness,97,92,93,55,,,,TRUE,All_Wheel_Drive,Engine_Mid,6499,V12,740,690,1490,,1,,,,,,,,PS+Edition,FALSE,TRUE,,,,DCXVEHICLEXX0773,DCXTOURXXXXXX009-DCXVEHICLEXX0773,Lamborghini Veneno,,1,1,1,1,1,ignored
EVENT_1,38,TRUE,lotus,lo_ev,In-Game,Sports,lotus_evora_s_sr,lotus_evora_s_sr,Lotus_Evora_SR,lotus_evora_r,lotus_evora_r_ai,rightseatbelt,58,58,58,40,,,,TRUE,Rear_Wheel_Drive,Engine_Mid,3499,V6_Supercharged,345,400,1436,,10,,,,,,,,PS+Edition,FALSE,,,,,DCXXXXGMVEHICLES,DCXXXXGMVEHICLES,Lotus Evora S Sports Racer,,1,1,1,1,1,ignored
EVENT_24,37,TRUE,lotus,lo_ex,In-Game,Performance,Lotus_Exige_S,Lotus_Exige_S,Lotus_Exige_S,lotus_exige_s,lotus_exige_s_ai,leftseatbelt,75,62,62,60,,,,TRUE,Rear_Wheel_Drive,Engine_Mid,3499,V6_Supercharged,345,400,1176,,25,,,,,,,,Cars,FALSE,,,,,DCXXXXGMVEHICLES,DCXXXXGMVEHICLES,Lotus Exige S,,1,1,1,1,1,ignored
EVENT_31,39,TRUE,marussia,mar_b2,In-Game,Super,marussia_b2,marussia_b2,Marussia_B2,porsche_911,porsche_911_ai,rightseatbelt,76,75,72,75,,,,TRUE,Rear_Wheel_Drive,Engine_Mid,3499,V6_Turbo,420,410,1100,,14,,,,,,,,PS+Edition,FALSE,,,,,DCXXXXGMVEHICLES,DCXXXXGMVEHICLES,Marussia B2,,1,1,1,1,1,ignored
DLC_1,755,TRUE,mazzanti,maz_eva,In-Game,Super,mazzanti_evantra,mazzanti_evantra,Mazzanti_Evantra,mazzanti_evantra,mazzanti_evantra_ai,leftseatbelt,86,89,70,80,,,,TRUE,Rear_Wheel_Drive,Engine_Mid,6999,V8,701,848,1300,,1,,,,,,,,Cars,FALSE,,,,,DCXVEHICLEXX0755,DCXVEHICLEXX0755,Mazzanti Evantra V8,,1,1,1,1,1,ignored
EVENT_18,40,TRUE,maserati,ma_mc_st,In-Game,Performance,maserati_granturismo_mc_stradale,maserati_granturismo_mc_stradale,Maserati_MC_Stradale,maserati_stradale,maserati_stradale_ai,harness,58,62,69,62,,,,TRUE,Rear_Wheel_Drive,Engine_Front,4699,V8,444,510,1670,,5,,,,,,,,PS+Edition,FALSE,,,,,DCXXXXGMVEHICLES,DCXXXXGMVEHICLES,Maserati GranTurismo MC Stradale,,1,1,1,1,1,ignored
DLC_1,787,TRUE,mclaren,mc_570s,In-Game,Super,mclaren_570s,mclaren_570s,mclaren_570s,mclaren_570s,mclaren_570s_ai,leftseatbelt,84,83,79,68,,,,TRUE,Rear_Wheel_Drive,Engine_Rear_Mid,3799,V8_Twin_Turbo,562,601,1452,,1,,,,,,,,PS+Edition,FALSE,,,,,DCXVEHICLEXX0787,DCXTOURXXXXXX015-DCXVEHICLEXX0787,McLaren 570S,,1,1,1,1,1,ignored
DLC_1,762,TRUE,mclaren,mc_650s,In-Game,Super,mclaren_650s,mclaren_650s,mclaren_650s,mclaren_650s,mclaren_650s_ai,rightseatbelt,85,88,83,70,,,,TRUE,Rear_Wheel_Drive,Engine_Mid,3799,V8_Twin_Turbo,641,678,1428,,1,,,,,,,,PS+Edition,FALSE,,,,,DCXVEHICLEXX0762,DCXTOURXXXXXX005-DCXVEHICLEXX0762,McLaren 650S Coupe,,1,1,1,1,1,ignored
DLC_1,41,TRUE,mclaren,mc_f1_lm,In-Game,Hyper,mclaren_f1_lm,mclaren_f1_lm,McLaren_F1_LM,bmw_z4_gtr,bmw_z4_gtr_ai,harness,94,93,95,80,,,,TRUE,Rear_Wheel_Drive,Engine_Rear_Mid,6099,V12,671,705,1062,,1,,,,,,,,PS+Edition,FALSE,,,,,DCXVEHICLEXX0041,DCXTOURXXXXXX003-DCXVEHICLEXX0041,McLaren F1 LM,,1,1,1,1,1,ignored
EVENT_34,42,TRUE,mclaren,mc_mp_12,In-Game,Super,mclaren_mp4-12c,mclaren_mp4-12c,McLaren_MP4_12C,mclaren_12C,mclaren_12C_ai,rightseatbelt,82,87,80,72,,,,TRUE,Rear_Wheel_Drive,Engine_Mid,3799,V8_Twin_Turbo,616,600,1474,,38,,,,,,,,Cars,FALSE,,,,,DCXXXXGMVEHICLES,DCXXXXGMVEHICLES,McLaren 12C ,,1,1,1,1,1,ignored
EVENT_34,542,TRUE,mclaren,mc_mp_12_pre,In-Game,Super,mclaren_mp4-12c_preorder,mclaren_mp4-12c,McLaren_MP4_12C,mclaren_12C,mclaren_12C_ai,rightseatbelt,82,87,80,72,,,,TRUE,Rear_Wheel_Drive,Engine_Mid,3799,V8_Twin_Turbo,616,600,1474,,1,,,,,,,,PS+Edition,FALSE,,,TRUE,mc_mp_12,DCXVEHICLEXX0542,,McLaren 12C DRIVECLUB Edition,,1,1,1,1,1,ignored
EVENT_43,43,TRUE,mclaren,mc_p1,In-Game,Hyper,mclaren_p1,mclaren_p1,McLaren_P1,bmw_z4_gtr_P1,bmw_z4_gtr_P1_ai,leftseatbelt,87,87,98,37,TRUE,TRUE,,TRUE,Rear_Wheel_Drive,Engine_Rear_Mid,3799,V8_Twin_Turbo,903,900,1490,,35,,,,,,,,Cars,FALSE,,,,,DCXXXXGMVEHICLES,DCXXXXGMVEHICLES,McLaren P1,,1,1,1,1,1,ignored
DLC_1,786,TRUE,mclaren,mc_p1_gtr,In-Game,Hyper,mclaren_p1_gtr,mclaren_p1_gtr,McLaren_P1_gtr,mclaren_p1_gtr,mclaren_p1_gtr_ai,harness,93,93,99,35,TRUE,TRUE,,TRUE,Rear_Wheel_Drive,Engine_Rear_Mid,3799,V8_Twin_Turbo,986,1000,1394,,1,,,,,,,,PS+Edition,FALSE,,,,,DCXVEHICLEXX0786,DCXTOURXXXXXX017-DCXVEHICLEXX0786,McLaren P1 GTR,,1,1,1,1,1,ignored
DLC_1,792,TRUE,mercedes,me_amg_gt3,In-Game,Super,mercedes_amg_gt3,mercedes_amg_gt3,mercedes_amg_gt3,mercedes_sls_gt3,mercedes_sls_gt3_ai,leftseatbelt,65,80,85,60,,,,TRUE,Rear_Wheel_Drive,Engine_Front_Mid,6299,V8,542,650,1285,,1,,,,126,Trophy_AMGChampion,,,PS+Edition,FALSE,,,,,DCXVEHICLEXX0792,DCXVEHICLEXX0792,Mercedes AMG GT3,,1,1,1,1,1,ignored
EVENT_24,45,TRUE,mercedes,me_c63,In-Game,Performance,mercedes_c63_amg_coupe_black_series,mercedes_c63_amg_coupe_black_series,C63_AMG,mercedes_c63_amg,mercedes_c63_amg_ai,leftseatbelt,71,67,65,70,,,,TRUE,Rear_Wheel_Drive,Engine_Front,6199,V8,510,620,1723,,29,,,,,,,,Cars,FALSE,,,,,DCXXXXGMVEHICLES,DCXXXXGMVEHICLES,Mercedes-Benz C 63 AMG Coupé Black Series,,1,1,1,1,1,ignored
EVENT_24,761,TRUE,mercedes,me_gt_am,In-Game,Performance,mercedes_gt_amg_c190,mercedes_gt_amg_c190,mercedes_gts,mercedes_gt_amg,mercedes_gt_amg_ai,leftseatbelt,75,68,65,70,,,,TRUE,Rear_Wheel_Drive,Engine_Front_Mid,3999,V8_BiTurbo,503,649,1636,,1,,,,,,,,Cars,FALSE,,,,,DCXVEHICLEXX0761,DCXVEHICLEXX0761,Mercedes AMG GT S,,1,1,1,1,1,ignored
DLC_1,791,TRUE,mercedes,me_s65_amg,In-Game,Performance,mercedes_s65_amg_coupe,mercedes_s65_amg_coupe,mercedes_s65_amg,mercedes_s_65_amg,mercedes_s_65_amg_ai,leftseatbelt,70,78,65,85,,,,TRUE,Rear_Wheel_Drive,Engine_Front,5980,V12_Twin_Turbo,621,1000,2185,,1,,Mercedes-Benz Owners Club,6,,,,,PS+Edition,FALSE,,,,,DCXVEHICLEXX0791,DCXVEHICLEXX0791,Mercedes S65 AMG Coupe,,1,1,1,1,1,ignored
EVENT_24,47,TRUE,mercedes,me_sl65,In-Game,Performance,mercedes_sl65_amg,mercedes_sl65_amg,Mercedes_SL65_AMG,mercedes_sl65_amg,mercedes_sl65_amg_ai,leftseatbelt,73,80,55,73,,,,TRUE,Rear_Wheel_Drive,Engine_Front,5999,V12_Twin_Turbo,621,1000,1950,,34,,,,,,,,Cars,FALSE,,,,,DCXXXXGMVEHICLES,DCXXXXGMVEHICLES,Mercedes-Benz SL 65 AMG 45th Anniversary Edition,,1,1,1,1,1,ignored
EVENT_34,48,TRUE,mercedes,me_sl_am,In-Game,Super,mercedes_sls_amg_black_series,mercedes_sls_amg_black_series,Mercedes_SLS_AMG,mercedes_amg_sls,mercedes_amg_sls_ai,leftseatbelt,65,83,75,80,,,,TRUE,Rear_Wheel_Drive,Engine_Front,6199,V8,622,635,1689,,31,,,,,,,,Cars,FALSE,,,,,DCXXXXGMVEHICLES,DCXXXXGMVEHICLES,Mercedes-Benz SLS AMG Coupé Black Series,,1,1,1,1,1,ignored
EVENT_34,81,TRUE,mercedes,me_sl_am_ca,In-Game,Super,mercedes_sls_amg_black_series_carbon,mercedes_sls_amg_black_series,Mercedes_SLS_AMG,mercedes_amg_sls,mercedes_amg_sls_ai,leftseatbelt,65,83,75,80,,,,TRUE,Rear_Wheel_Drive,Engine_Front,6199,V8,622,635,1689,,1,,,,,,,,PS+Edition,FALSE,,,TRUE,me_sl_am,DCXVEHICLEXX0081,,Mercedes-Benz SLS AMG Coupé Black Series DRIVECLUB Edition,,1,1,1,1,1,ignored
DLC_1,747,TRUE,mercedes,me_sl_am_edrv,In-Game,Super,mercedes_sls_amg_e-cell,mercedes_sls_amg_e-cell,Mercedes_SLS_E_Cell,mercedes_sls_edrive,mercedes_sls_edrive_ai,leftseatbelt,59,71,78,70,,,,TRUE,All_Wheel_Drive,Engine_Front_Rear,,Electric_Motor,740,1000,2110,,1,,,,,,,,PS+Edition,FALSE,,,,,DCXVEHICLEXX0747,DCXTOURXXXXXX003-DCXVEHICLEXX0747,Mercedes-Benz SLS AMG Coupé Electric Drive,,1,1,1,1,1,ignored
EVENT_2,148,TRUE,mini,mi_jcw,In-Game,Hot Hatch,bmw_mini_jcwgp,bmw_mini_jcwgp,Works_Mini,mini_cooper_s,mini_cooper_s_ai,rightseatbelt,40,43,47,5,,,,TRUE,Front_Wheel_Drive,Engine_Front,1600,Four_Cylinder_Turbo,215,280,1160,,1,,,,,,,,PS+Edition,FALSE,,,,,DCXVEHICLEXX0148,DCXVEHICLEXX0148,MINI John Cooper Works GP,,1,1,1,1,1,ignored
DLC_1,4017,TRUE,mvagusta,mv_agusta_f4_rc,In-Game,Superbike,mv_agusta_f4_rc,mv_agusta_f4_rc,BIKE_mv_agusta_f4_rc,mv_agusta_f4rc,mv_agusta_f4rc_ai,leftseatbelt,94.6,88.57,95,0,,,TRUE,FALSE,,,998,In_line_4,205,115,183,Bike_Select,1,,,,,,,5,Bikes-PS+Edition,FALSE,,,,,DCXVEHICLEXX4017,DCXTOURXXXXXX025-DCXVEHICLEXX4017,Mv Agusta F4 RC,,1,1,1,1,1,ignored
DLC_1,4013,TRUE,mvagusta,mv_agusta_f4_rr,In-Game,Superbike,mv_agusta_f4_rr,mv_agusta_f4_rr,BIKE_mv_agusta_f4_rr,mv_agusta_f4rr,mv_agusta_f4rr_ai,leftseatbelt,89,88,91,0,,,TRUE,FALSE,,,998,In_line_4,201,114,190,Bike_Select,1,,,,,,hon_cbr1000_rr_sp,5,Bikes-PS+Edition,FALSE,,,,,DCXXXXGMVEHICLES,DCXXXXGMVEHICLES,Mv Agusta F4 RR,,1,1,1,1,1,ignored
DLC_1,4016,TRUE,mvagusta,mv_brut_1090,In-Game,Superbike,mv_agusta_brutale_1090_corsa,mv_agusta_brutale_1090_corsa,BIKE_mv_agusta_brutale_1090,mv_agusta_brutale_corsa,mv_agusta_brutale_corsa_ai,leftseatbelt,90,78,87.5,,,,TRUE,FALSE,,,1078,4_Cylinders,158,100,183,Bike_Select,1,,,,,,,,Bikes-PS+Edition,FALSE,,,,,DCXVEHICLEXX4016,DCXTOURXXXXXX025-DCXVEHICLEXX4016,Mv Agusta Brutale 1090 Corsa,,1,1,1,1,1,ignored
DLC_1,793,TRUE,nissan,nis_34_gtr_vspecii,In-Game,Performance,nissan_r34gtr_vspecii,nissan_r34gtr_vspecii,nissan_gtr_r34,nissan_r34_vspec_ii,nissan_r34_vspec_ii_ai,rightseatbelt,58,60,74,60,,,,TRUE,Four_Wheel_Drive,Engine_Front,2568,Six_Cylinder_Twin_Turbo,276,397,1560,,1,,,,,,,,PS+Edition,FALSE,TRUE,,,,DCXVEHICLEXX0793,DCXTOURXXXXXX022-DCXVEHICLEXX0793,Nissan Skyline GT-R R34 V-Spec II,,1,1,1,1,1,ignored
DLC_1,781,TRUE,nissan,nis_370,In-Game,Sports,nissan_370z_nismo,nissan_370z_nismo,Nissan_370z,nissan_370z,nissan_370z_ai,harness,53,57,57,50,,,,TRUE,Rear_Wheel_Drive,Engine_Front,3699,V6,350,374,1537,,1,,,,,,,,PS+Edition,FALSE,TRUE,,,,DCXVEHICLEXX0781,DCXTOURXXXXXX015-DCXVEHICLEXX0781,Nissan 370Z Nismo,,1,1,1,1,1,ignored
DLC_1,782,TRUE,nissan,nis_gtr,In-Game,Performance,nissan_gtr_my15,nissan_gtr_my15,nissan_gtr_my15,nissan_gtr_2014,nissan_gtr_2014_ai,rightseatbelt,80,79,72,75,,,,TRUE,Four_Wheel_Drive,Engine_Front,3799,V6_Twin_Turbo,542,632,1740,,1,,,,,,,,PS+Edition,FALSE,TRUE,,,,DCXVEHICLEXX0782,DCXTOURXXXXXX015-DCXVEHICLEXX0782,2015 Nissan GT-R (R35),,1,1,1,1,1,ignored
DLC_1,784,TRUE,nissan,nis_gtr_nis,In-Game,Super,nissan_gtr_nismo,nissan_gtr_nismo,nissan_gtr_nismo,nissan_gtr_nismo,nissan_gtr_nismo_ai,rightseatbelt,87,82,90,75,,,,TRUE,All_Wheel_Drive,Engine_Front,3799,V6_Twin_Turbo,591,652,1747,,1,,,,,,,,PS+Edition,FALSE,TRUE,,,,DCXVEHICLEXX0784,DCXTOURXXXXXX017-DCXVEHICLEXX0784,Nissan GTR Nismo,,1,1,1,1,1,ignored
EVENT_37,49,TRUE,pagani,pa_hu,In-Game,Hyper,pagani_huayra,pagani_huayra,Pagani_Huayra,pagani_huayra,pagani_huayra_ai,leftseatbelt,90,88,85,45,,,,TRUE,Rear_Wheel_Drive,Engine_Rear_Mid,5999,V12_Twin_Turbo,720,1001,1350,,20,,,,,,,,Cars,FALSE,,,,,DCXXXXGMVEHICLES,DCXXXXGMVEHICLES,Pagani Huayra,,1,1,1,1,1,ignored
EVENT_37,50,TRUE,pagani,pa_zo,In-Game,Hyper,pagani_zonda_r,pagani_zonda_r,Pagani_Zonda_R,Porsche_911_GT3_for_Zonda,Porsche_911_GT3_for_Zonda_ai,harness,95,90,95,50,,,,TRUE,Rear_Wheel_Drive,Engine_Rear_Mid,5999,V12,740,710,1070,,15,,,,,,,,PS+Edition,FALSE,,,,,DCXXXXGMVEHICLES,DCXXXXGMVEHICLES,Pagani Zonda R,,1,1,1,1,1,ignored
DLC_1,768,TRUE,peugeot,pe_ex1,In-Game,Performance,peugeot_ex1_concept,peugeot_ex1_concept,peugeot_ex1_concept,peugeot_ex1,peugeot_ex1_ai,harness,76,58,65,50,,,TRUE,FALSE,Four_Wheel_Drive,Engine_Front_Rear,,Electric_Motor,340,480,750,,1,,,,,,,,Cars,FALSE,,,,,DCXVEHICLEXX0768,DCXVEHICLEXX0768,Peugeot EX1 Concept,,1,1,1,1,1,ignored
DLC_1,758,TRUE,peugeot,pe_onyx,In-Game,Hyper,peugeot_onyx_concept,peugeot_onyx_concept,peugeot_onyx_concept,peugeot_onyx,peugeot_onyx_ai,harness,95,88,83,87,,,,FALSE,All_Wheel_Drive,Engine_Mid,3699,V8_Hybrid_Turbo_Electric_Boost,680,1250,1100,,1,,,,,,,,Cars,FALSE,,,,,DCXVEHICLEXX0758,DCXVEHICLEXX0758,Peugeot Onyx Concept,,1,1,1,1,1,ignored
DLC_1,52,TRUE,renault,ren_alp,In-Game,Super,renault_alpine_a110-50,renault_alpine_a110-50,Renault_Alpine_A110,renault_alpine,renault_alpine_ai,harness,84,73,77,74,,,,FALSE,Rear_Wheel_Drive,Engine_Rear_Mid,3499,V6,395,422,880,,1,,,,,,,,PS+Edition,FALSE,,,,,DCXVEHICLEXX0052,DCXTOURXXXXXX003-DCXVEHICLEXX0052,Renault Alpine A110-50,,1,1,1,1,1,ignored
EVENT_2,51,TRUE,renault,ren_cl,In-Game,Hot Hatch,renault_clio_rs,renault_clio_rs,Renault_Clio_RS200,mercedes_a45_amg,mercedes_a45_amg_ai,leftseatbelt,37,38,50,10,,,,TRUE,Front_Wheel_Drive,Engine_Front,1600,Four_Cylinder_Turbo,197,240,1280,,6,,,,,,,,Cars,FALSE,,,,,DCXXXXGMVEHICLES,DCXXXXGMVEHICLES,Renault Clio RS,,1,1,1,1,1,ignored
EVENT_13,151,TRUE,renault,ren_dez,In-Game,Sports,renault_dezir_concept,renault_dezir_concept,Renault_DeZir_Concept,renault_dezir,renault_dezir_ai,rightseatbelt,52,48,57,25,,,,FALSE,Rear_Wheel_Drive,Engine_Rear_Mid,,Electric_Motor,148,226,830,,1,,,,,,,,Cars,FALSE,,,,,DCXVEHICLEXX0151,DCXVEHICLEXX0151,Renault DeZir Concept,,1,1,1,1,1,ignored
DLC_1,788,TRUE,renault,ren_meg_tro_r,In-Game,Hot Hatch,renault_megane_rs_275_trophy_r,renault_megane_rs_275_trophy_r,renault_megane_275,renault_megane_trophy_275,renault_megane_trophy_275_ai,leftseatbelt,43,46,48,8,,,,TRUE,Front_Wheel_Drive,Engine_Front,2000,Four_Cylinder_Turbo,275,361,1354,,1,,,,,,,,PS+Edition,FALSE,,,,,DCXVEHICLEXX0788,DCXTOURXXXXXX017-DCXVEHICLEXX0788,Renault Megane Trophy R,,1,1,1,1,1,ignored
DLC_1,790,TRUE,renault,ren_rs01,In-Game,Super,renault_rs01,renault_rs01,Renault_RS01,renault_rs01,renault_rs01_ai,harness,82,80,86,45,,,,TRUE,Rear_Wheel_Drive,Engine_Mid,3799,V6_Twin_Turbo,550,601,1145,,66,,,,,,,,PS+Edition,FALSE,,,,,DCXVEHICLEXX0790,DCXVEHICLEXX0790,Renault R.S.01,,1,1,1,1,1,ignored
EVENT_34,756,TRUE,renault,ren_twin,In-Game,Super,renault_twin_run,renault_twin_run,renault_twin_run,renault_twin_run,renault_twin_run_ai,leftseatbelt,60,60,75,70,,,,FALSE,Rear_Wheel_Drive,Engine_Rear_Mid,3499,V6,320,380,941,,1,,,,,,,,PS+Edition,FALSE,,,,,DCXVEHICLEXX0756,DCXTOURXXXXXX001-DCXVEHICLEXX0756,Renault Twin'Run Concept,,1,1,1,1,1,ignored
DLC_1,772,TRUE,rimac,ri_c1,In-Game,Hyper,rimac_concept_one,rimac_concept_one,rimac_concept_one,rimac_concept_one_mira,rimac_concept_one_mira_ai,harness,94,85,88,60,,,,TRUE,All_Wheel_Torque_Vectoring,Engine_Front_Rear,,Electric_Motor,1088,1600,1950,,1,,,,,,,,Cars,FALSE,,,,,DCXVEHICLEXX0772,DCXVEHICLEXX0772,Rimac Concept One,,1,1,1,1,1,ignored
EVENT_37,53,TRUE,ruf,ruf_ctr,In-Game,Hyper,ruf_ctr3_clubsport,ruf_ctr3_clubsport,Ruf_CTR3CS,ruf_ctr3,ruf_ctr3_ai,harness,82,86,75,85,,,,TRUE,Rear_Wheel_Drive,Engine_Mid,3699,Flat_Six_Twin_Turbo,766,980,1400,,15,,,,,,,,PS+Edition,FALSE,,,,,DCXXXXGMVEHICLES,DCXXXXGMVEHICLES,RUF CTR3 Clubsport,,1,1,1,1,1,ignored
EVENT_24,54,TRUE,ruf,ruf_rgt,In-Game,Performance,ruf_rgt8,ruf_rgt8,RUF_RGT8,ruf_rgt8,ruf_rgt8_ai,harness,80,78,65,68,,,,TRUE,Rear_Wheel_Drive,Engine_Rear,4499,V8,542,500,1350,,32,,,,,,,,Cars,FALSE,,,,,DCXXXXGMVEHICLES,DCXXXXGMVEHICLES,RUF RGT 8,,1,1,1,1,1,ignored
EVENT_34,55,TRUE,ruf,ru_rt12r,In-Game,Super,ruf_rt12r,ruf_rt12r,RUF_RT12R,ruf_rt12r,ruf_rt12r_ai,harness,80,86,74,75,,,,TRUE,All_Wheel_Drive,Engine_Rear,3799,Flat_Six_Twin_Turbo,720,940,1494,,26,,,,,,,,Cars,FALSE,,,,,DCXXXXGMVEHICLES,DCXXXXGMVEHICLES,RUF RT12 R,,1,1,1,1,1,ignored
EVENT_34,555,TRUE,ruf,ru_rt12r_pre,In-Game,Super,ruf_rt12r-preorder,ruf_rt12r,RUF_RT12R,ruf_rt12r,ruf_rt12r_ai,harness,80,86,74,75,,,,TRUE,All_Wheel_Drive,Engine_Rear,3799,Flat_Six_Twin_Turbo,720,940,1494,,1,,,,,,,,PS+Edition,FALSE,,,TRUE,ru_rt12r,DCXVEHICLEXX0555,,RUF RT12 R DRIVECLUB Edition,,1,1,1,1,1,ignored
EVENT_34,56,TRUE,savage rivale,sav_riv,In-Game,Super,savage_rivale_gtrs,savage_rivale_gtrs,Savage_Rivale_GTRS,savage_rivale_v8_placeholder,savage_rivale_v8_placeholder_ai,rightseatbelt,85,82,72,65,,,,TRUE,Rear_Wheel_Drive,Engine_Front_Mid,6199,V8_Turbo,800,780,1030,,22,,,,,,,,Cars,FALSE,,,,,DCXXXXGMVEHICLES,DCXXXXGMVEHICLES,Savage Rivale GTR-S,,1,1,1,1,1,ignored
EVENT_20,57,TRUE,spyker,sp_c8,In-Game,Performance,spyker_c8_aileron,spyker_c8_aileron,Spyker_C8_Aileron,spyker_c8_aileron,spyker_c8_aileron_ai,leftseatbelt,72,59,55,60,,,,TRUE,Rear_Wheel_Drive,Engine_Mid,4199,V8,400,481,1425,,8,,,,,,,,Cars,FALSE,,,,,DCXXXXGMVEHICLES,DCXXXXGMVEHICLES,Spyker C8 Aileron,,1,1,1,1,1,ignored
DLC_1,4018,TRUE,suzuki,suz_gsxr_1000,In-Game,Superbike,suzuki_gsx_r1000_moto_gp,suzuki_gsx_r1000_moto_gp,BIKE_suzuki_gsx_r1000,Suzuki_GSX_R1000,Suzuki_GSX_R1000_ai,leftseatbelt,96.6,85.71,95,0,,,TRUE,FALSE,,,999,In_line_4,183,117,203,Bike_Select,1,,,,,,,5,Bikes-PS+Edition,FALSE,,,,,DCXVEHICLEXX4018,DCXTOURXXXXXX023-DCXVEHICLEXX4018,Suzuki GSX-R 1000,,1,1,1,1,1,ignored
DLC_1,4019,TRUE,suzuki,suz_gsx_s1000,In-Game,Superbike,suzuki_gsx_s1000_abs,suzuki_gsx_s1000_abs,BIKE_suzuki_gsx_s1000,Suzuki_GSX_S1000,Suzuki_GSX_S1000_ai,leftseatbelt,89.8,84.76,97,0,,,TRUE,FALSE,,,999,In_line_4,143,106,207,Bike_Select,1,,,,,,,5,Bikes-PS+Edition,FALSE,,,,,DCXVEHICLEXX4019,DCXTOURXXXXXX023-DCXVEHICLEXX4019,Suzuki GSX-S 1000,,1,1,1,1,1,ignored
DLC_1,757,TRUE,vuhl,vu_05,In-Game,Super,vuhl_05,vuhl_05,vuhl_05,vuhl_05,vuhl_05_ai,harness,94,50,73,50,,,TRUE,FALSE,Rear_Wheel_Drive,Engine_Rear_Mid,2000,Four_Cylinder_Turbo,285,420,724,,1,,,,,,,,Cars,FALSE,,,,,DCXVEHICLEXX0757,DCXVEHICLEXX0757,VUHL 05,,1,1,1,1,1,ignored
EVENT_2,84,TRUE,volkswagen,vw_beetle_gsr,In-Game,Hot Hatch,vw_beetle_gsr,vw_beetle_gsr,VW_Beetle_GSR,vw_golf_gti,vw_golf_gti_ai,leftseatbelt,35,40,47,7,,,,TRUE,Front_Wheel_Drive,Engine_Front,2000,Four_Cylinder_Turbo,207,280,1435,,2,,,,,,,,Cars,FALSE,,,,,DCXXXXGMVEHICLES,DCXXXXGMVEHICLES,Volkswagen Beetle GSR,,1,1,1,1,1,ignored
DLC_1,763,TRUE,volkswagen,vw_des_vis_gti,In-Game,Performance,volkswagen_design_vision_gti,volkswagen_design_vision_gti,vw_des_vis_gti,vw_design_vision_gti,vw_design_vision_gti_ai,leftseatbelt,78,66,70,45,,,,TRUE,Four_Wheel_Drive,Engine_Front,2999,VR6_Twin_Turbo,496,560,1450,,1,,,,,,,,PS+Edition,FALSE,,,,,DCXVEHICLEXX0763,DCXTOURXXXXXX011-DCXVEHICLEXX0763,Volkswagen GTI Design Vision,,1,1,1,1,1,ignored
EVENT_2,58,TRUE,volkswagen,vw_golf_gti,In-Game,Hot Hatch,vw_golf_gti,vw_golf_gti,VW_Golf_GTI,vw_golf_gti,vw_golf_gti_ai,leftseatbelt,45,43,50,5,,,,TRUE,Front_Wheel_Drive,Engine_Front,2000,Four_Cylinder_Turbo,217,350,1370,,1,,,,,,,,PS+Edition,FALSE,,,,,DCXXXXGMVEHICLES,DCXXXXGMVEHICLES,Volkswagen Golf GTI,,1,1,1,1,1,ignored
EVENT_43,753,TRUE,w motors,wm_ly_hy,In-Game,Hyper,w_motors_lykan_hypersport,w_motors_lykan_hypersport,lykan_hypersport,ruf_ctr3,ruf_ctr3_ai,leftseatbelt,90,90,80,85,,,,TRUE,Rear_Wheel_Drive,Engine_Rear_Mid,3799,Flat_Six_Twin_Turbo,740,960,1400,,1,,,,,,,,Cars,FALSE,,,,,DCXVEHICLEXX0753,DCXTOURXXXXXX001-DCXVEHICLEXX0753,W Motors Lykan Hypersport,,1,1,1,1,1,ignored
DLC_1,759,TRUE,wombat,wo_typ,In-Game,Bonus,wombat_typhoon,wombat_typhoon,Wombat_Typhoon,Buggy,Buggy_ai,harness,75,55,50,60,,,,FALSE,Rear_Wheel_Drive,Engine_Rear,2000,Inline_4,300,325,915,,1,,,,,,,,Cars,FALSE,,,,,DCXVEHICLEXX0759,DCXVEHICLEXX0759,Wombat Typhoon,,1,1,1,1,1,ignored
DLC_1,4015,TRUE,yamaha,yam_yzf_r1,In-Game,Superbike,yamaha_yzf_r1,yamaha_yzf_r1m,BIKE_yamaha_yzf_r1,yamaha_r1,yamaha_r1_ai,leftseatbelt,93.6,84,88,0,,,TRUE,FALSE,,,998,4_Cylinders,197,113,199,Bike_Select,1,,,,,,,,Bikes-PS+Edition,FALSE,,,,,DCXXXXGMVEHICLES,DCXXXXGMVEHICLES,Yamaha YZF R1,,1,1,1,1,1,ignored
DLC_1,4014,TRUE,yamaha,yam_yzf_r1m,In-Game,Superbike,yamaha_yzf_r1m,yamaha_yzf_r1m,BIKE_yamaha_yzf_r1m,yamaha_r1,yamaha_r1_ai,leftseatbelt,91.4,88,93,0,,,TRUE,FALSE,,,998,4_Cylinders,197,113,201,Bike_Select,1,,,,,,bmw_s1000_rr_sp,5,Bikes-PS+Edition,FALSE,,,,,DCXXXXGMVEHICLES,DCXXXXGMVEHICLES,Yamaha YZF R1M,,1,1,1,1,1,ignored
